application_id,seeker_id,listing_id,applied_at,status
a_000001,u_00172,l_00091,2026-03-18 04:00:00,sent
a_000002,u_00088,l_00114,2026-04-28 16:00:00,sent
a_000003,u_00017,l_00048,2025-12-09 13:00:00,sent
a_000004,u_00192,l_00101,2025-12-14 01:00:00,declined
a_000005,u_00052,l_00003,2026-03-04 12:00:00,withdrawn
a_000006,u_00204,l_00091,2026-03-24 08:00:00,declined
a_000007,u_00121,l_00065,2026-03-12 01:00:00,viewed
a_000008,u_00094,l_00097,2025-12-10 05:00:00,viewed
a_000009,u_00007,l_00031,2025-12-16 18:00:00,declined
a_000010,u_00224,l_00118,2026-01-08 00:00:00,sent
a_000011,u_00088,l_00077,2026-05-02 10:00:00,withdrawn
a_000012,u_00185,l_00072,2026-02-07 18:00:00,declined
a_000013,u_00174,l_00022,2026-06-05 21:00:00,viewed
a_000014,u_00114,l_00072,2026-03-01 00:00:00,declined
a_000015,u_00109,l_00052,2026-03-07 14:00:00,sent
a_000016,u_00211,l_00014,2025-12-07 20:00:00,withdrawn
a_000017,u_00098,l_00122,2026-04-09 23:00:00,sent
a_000018,u_00114,l_00099,2026-05-02 17:00:00,sent
a_000019,u_00195,l_00105,2026-03-18 10:00:00,sent
a_000020,u_00150,l_00106,2026-02-13 21:00:00,sent
a_000021,u_00168,l_00032,2026-04-07 10:00:00,viewed
a_000022,u_00097,l_00093,2026-02-19 11:00:00,declined
a_000023,u_00190,l_00106,2026-02-03 18:00:00,sent
a_000024,u_00223,l_00031,2025-12-14 08:00:00,declined
a_000025,u_00158,l_00090,2026-02-06 02:00:00,shortlisted
a_000026,u_00092,l_00087,2026-03-17 11:00:00,viewed
a_000027,u_00206,l_00111,2026-03-10 08:00:00,sent
a_000028,u_00244,l_00034,2026-05-07 01:00:00,sent
a_000029,u_00015,l_00098,2026-04-14 05:00:00,shortlisted
a_000030,u_00192,l_00018,2026-01-03 01:00:00,sent
a_000031,u_00073,l_00093,2026-02-09 20:00:00,sent
a_000032,u_00041,l_00084,2026-05-13 05:00:00,declined
a_000033,u_00159,l_00115,2026-03-03 10:00:00,sent
a_000034,u_00038,l_00076,2026-04-10 19:00:00,viewed
a_000035,u_00176,l_00054,2026-03-09 02:00:00,shortlisted
a_000036,u_00056,l_00130,2026-04-26 11:00:00,withdrawn
a_000037,u_00031,l_00103,2026-04-14 22:00:00,sent
a_000038,u_00022,l_00137,2026-05-24 11:00:00,viewed
a_000039,u_00139,l_00117,2026-03-24 15:00:00,sent
a_000040,u_00236,l_00133,2026-02-04 07:00:00,shortlisted
a_000041,u_00064,l_00076,2026-03-22 08:00:00,shortlisted
a_000042,u_00024,l_00107,2026-03-05 17:00:00,viewed
a_000043,u_00178,l_00091,2026-02-19 08:00:00,sent
a_000044,u_00014,l_00117,2026-03-06 12:00:00,declined
a_000045,u_00150,l_00022,2026-05-17 00:00:00,declined
a_000046,u_00036,l_00065,2026-03-20 20:00:00,sent
a_000047,u_00061,l_00133,2026-03-06 14:00:00,declined
a_000048,u_00044,l_00029,2026-03-28 02:00:00,sent
a_000049,u_99850,l_00023,2025-11-23 15:00:00,declined
a_000050,u_00026,l_00087,2026-03-21 00:00:00,declined
a_000051,u_00002,l_00091,2026-02-22 12:00:00,viewed
a_000052,u_00064,l_00147,2026-04-23 06:00:00,shortlisted
a_000053,u_00025,l_00014,2025-11-23 21:00:00,viewed
a_000054,u_00078,l_00121,2026-04-30 04:00:00,sent
a_000055,u_00189,l_00062,2025-12-31 09:00:00,sent
a_000056,u_00073,l_00010,2026-02-14 09:00:00,sent
a_000057,u_00078,l_00057,2025-11-24 02:00:00,viewed
a_000058,u_00086,l_00120,2026-04-26 07:00:00,sent
a_000059,u_00168,l_00132,2026-01-11 21:00:00,declined
a_000060,u_99871,l_00022,2026-06-05 04:00:00,viewed
a_000061,u_00027,l_00140,2026-05-15 21:00:00,shortlisted
a_000062,u_00067,l_00130,2026-05-02 15:00:00,sent
a_000063,u_00067,l_00029,2026-02-24 02:00:00,viewed
a_000064,u_00031,l_00026,2026-05-17 18:00:00,sent
a_000065,u_00157,l_00086,2025-12-02 11:00:00,sent
a_000066,u_00214,l_00055,2026-01-10 22:00:00,declined
a_000067,u_00067,l_00021,2026-04-13 07:00:00,shortlisted
a_000068,u_00044,l_00111,2026-02-04 14:00:00,viewed
a_000069,u_00083,l_00065,2026-03-29 09:00:00,sent
a_000070,u_00143,l_00122,2026-04-09 17:00:00,declined
a_000071,u_00170,l_00060,2025-12-22 19:00:00,sent
a_000072,u_00078,l_00021,2026-04-15 10:00:00,declined
a_000073,u_00196,l_00017,2026-01-27 14:00:00,sent
a_000074,u_00205,l_00105,2026-04-01 07:00:00,declined
a_000075,u_00201,l_00074,2026-03-02 07:00:00,sent
a_000076,u_00057,l_00043,2026-01-24 21:00:00,sent
a_000077,u_00014,l_00054,2026-03-12 05:00:00,viewed
a_000078,u_00203,l_00018,2025-12-14 11:00:00,sent
a_000079,u_00006,l_00020,2026-02-19 08:00:00,viewed
a_000080,u_00213,l_00116,2026-05-04 17:00:00,sent
a_000081,u_00213,l_00025,2026-01-07 19:00:00,sent
a_000082,u_00125,l_00058,2026-04-19 20:00:00,shortlisted
a_000083,u_00004,l_00019,2026-03-30 06:00:00,viewed
a_000084,u_00086,l_00037,2026-01-21 21:00:00,sent
a_000085,u_00184,l_00017,2026-01-15 13:00:00,withdrawn
a_000086,u_00171,l_00036,2026-02-09 20:00:00,sent
a_000087,u_00038,l_00043,2026-01-30 09:00:00,sent
a_000088,u_00072,l_00094,2025-12-15 17:00:00,declined
a_000089,u_00205,l_00095,2025-11-29 00:00:00,viewed
a_000090,u_00147,l_00126,2025-11-23 00:00:00,viewed
a_000091,u_00076,l_00016,2026-04-06 17:00:00,sent
a_000092,u_00105,l_00019,2026-04-19 08:00:00,sent
a_000093,u_00121,l_00111,2026-02-17 01:00:00,sent
a_000094,u_00068,l_00123,2025-12-17 08:00:00,sent
a_000095,u_00197,l_00053,2026-05-15 11:00:00,sent
a_000096,u_00154,l_00131,2026-03-27 09:00:00,viewed
a_000097,u_00015,l_00060,2026-01-07 13:00:00,viewed
a_000098,u_00249,l_00083,2026-03-04 06:00:00,declined
a_000099,u_00074,l_00118,2025-12-23 23:00:00,sent
a_000100,u_00142,l_00050,2025-12-06 03:00:00,sent
a_000101,u_00013,l_00004,2026-05-12 16:00:00,sent
a_000102,u_00230,l_00055,2025-12-25 15:00:00,declined
a_000103,u_00243,l_00058,2026-04-26 10:00:00,sent
a_000104,u_00207,l_00146,2025-12-09 16:00:00,declined
a_000105,u_99622,l_00117,2026-03-21 07:00:00,sent
a_000106,u_00177,l_00107,2026-04-01 01:00:00,sent
a_000107,u_00234,l_00060,2025-12-06 03:00:00,declined
a_000108,u_00082,l_00058,2026-04-24 07:00:00,sent
a_000109,u_00035,l_00075,2026-02-19 13:00:00,viewed
a_000110,u_00095,l_00132,2026-01-07 16:00:00,viewed
a_000111,u_00211,l_00134,2025-12-09 22:00:00,sent
a_000112,u_00180,l_00066,2026-04-16 20:00:00,withdrawn
a_000113,u_00026,l_00015,2026-01-06 15:00:00,shortlisted
a_000114,u_00004,l_00088,2026-04-15 23:00:00,withdrawn
a_000115,u_00076,l_00023,2025-12-05 02:00:00,sent
a_000116,u_00231,l_00093,2026-03-07 20:00:00,sent
a_000117,u_00071,l_00029,2026-02-26 21:00:00,viewed
a_000118,u_00150,l_00086,2025-12-24 20:00:00,shortlisted
a_000119,u_00056,l_00005,2025-12-31 21:00:00,sent
a_000120,u_00238,l_00141,2026-06-18 16:00:00,shortlisted
a_000121,u_00063,l_00078,2026-03-28 11:00:00,viewed
a_000122,u_00238,l_00051,2026-04-14 02:00:00,sent
a_000123,u_00014,l_00002,2026-02-07 07:00:00,sent
a_000124,u_00056,l_00061,2026-02-02 11:00:00,withdrawn
a_000125,u_00048,l_00019,2026-04-08 18:00:00,sent
a_000126,u_00084,l_00022,2026-05-12 11:00:00,sent
a_000127,u_00086,l_00085,2026-02-13 13:00:00,sent
a_000128,u_00177,l_00040,2026-01-23 21:00:00,sent
a_000129,u_00098,l_00121,2026-05-06 13:00:00,sent
a_000130,u_00249,l_00060,2025-12-31 03:00:00,viewed
a_000131,u_00184,l_00118,2026-01-04 01:00:00,viewed
a_000132,u_00223,l_00059,2026-03-15 01:00:00,sent
a_000133,u_00213,l_00050,2025-11-28 18:00:00,withdrawn
a_000134,u_00043,l_00058,2026-04-28 07:00:00,shortlisted
a_000135,u_00246,l_00102,2026-01-18 10:00:00,declined
a_000136,u_00094,l_00132,2025-12-22 05:00:00,declined
a_000137,u_00063,l_00130,2026-04-27 06:00:00,shortlisted
a_000138,u_00240,l_00018,2025-12-23 00:00:00,sent
a_000139,u_00162,l_00082,2026-04-05 07:00:00,sent
a_000140,u_00223,l_00014,2025-12-12 11:00:00,viewed
a_000141,u_00016,l_00143,2026-06-10 06:00:00,viewed
a_000142,u_00025,l_00088,2026-04-09 13:00:00,sent
a_000143,u_00227,l_00074,2026-03-10 01:00:00,sent
a_000144,u_00052,l_00105,2026-03-09 21:00:00,declined
a_000145,u_00105,l_00063,2026-01-25 12:00:00,sent
a_000146,u_00222,l_00122,2026-04-01 04:00:00,declined
a_000147,u_00127,l_00034,2026-05-22 12:00:00,declined
a_000148,u_00249,l_00066,2026-03-31 04:00:00,sent
a_000149,u_00230,l_00049,2025-12-11 09:00:00,declined
a_000150,u_00004,l_00066,2026-03-23 19:00:00,sent
a_000151,u_00087,l_00078,2026-04-09 21:00:00,sent
a_000152,u_00074,l_99692,2026-01-26 13:00:00,declined
a_000153,u_00080,l_00014,2025-11-23 13:00:00,declined
a_000154,u_00203,l_00112,2025-12-26 16:00:00,viewed
a_000155,u_00022,l_00045,2025-11-26 08:00:00,declined
a_000156,u_00019,l_00141,2026-05-31 00:00:00,declined
a_000157,u_00068,l_00093,2026-02-10 12:00:00,sent
a_000158,u_00246,l_00095,2025-12-02 00:00:00,shortlisted
a_000159,u_00148,l_00080,2026-04-04 18:00:00,viewed
a_000160,u_00181,l_00089,2026-04-04 08:00:00,declined
a_000161,u_00036,l_00133,2026-03-10 22:00:00,sent
a_000162,u_00074,l_00093,2026-02-12 05:00:00,declined
a_000163,u_00187,l_00007,2026-04-07 11:00:00,sent
a_000164,u_00162,l_00092,2026-03-11 10:00:00,sent
a_000165,u_00227,l_00098,2026-04-09 22:00:00,sent
a_000166,u_00103,l_00048,2025-12-20 09:00:00,viewed
a_000167,u_00121,l_00144,2026-05-09 14:00:00,sent
a_000168,u_00236,l_00146,2025-12-02 15:00:00,viewed
a_000169,u_00219,l_00056,2026-03-02 02:00:00,sent
a_000170,u_00142,l_00109,2025-11-30 04:00:00,sent
a_000171,u_00162,l_00014,2025-11-13 19:00:00,declined
a_000172,u_00243,l_00066,2026-04-01 16:00:00,viewed
a_000173,u_00064,l_00029,2026-03-29 07:00:00,sent
a_000174,u_00135,l_00014,2025-11-13 23:00:00,declined
a_000175,u_00246,l_00107,2026-04-21 14:00:00,viewed
a_000176,u_00105,l_00063,2026-01-04 14:00:00,declined
a_000177,u_00140,l_00042,2026-04-23 11:00:00,sent
a_000178,u_00041,l_00048,2025-12-17 03:00:00,viewed
a_000179,u_00150,l_00121,2026-04-09 01:00:00,sent
a_000180,u_00216,l_00018,2025-12-18 08:00:00,viewed
a_000181,u_00213,l_00039,2026-01-13 02:00:00,sent
a_000182,u_00224,l_00131,2026-05-08 22:00:00,viewed
a_000183,u_00203,l_00002,2026-02-11 05:00:00,sent
a_000184,u_00245,l_00147,2026-04-03 14:00:00,viewed
a_000185,u_00058,l_00035,2026-03-26 04:00:00,sent
a_000186,u_00157,l_00134,2025-12-20 02:00:00,viewed
a_000187,u_00199,l_00030,2026-05-01 04:00:00,viewed
a_000188,u_00084,l_00100,2026-03-04 02:00:00,sent
a_000189,u_00092,l_00042,2026-04-19 09:00:00,sent
a_000190,u_00227,l_00038,2026-01-09 10:00:00,viewed
a_000191,u_00222,l_00028,2026-03-24 02:00:00,declined
a_000192,u_00048,l_00050,2025-12-17 08:00:00,sent
a_000193,u_00218,l_00033,2026-01-30 11:00:00,sent
a_000194,u_00011,l_00044,2025-11-29 12:00:00,sent
a_000195,u_00208,l_00051,2026-04-02 19:00:00,sent
a_000196,u_00076,l_00007,2026-03-22 14:00:00,sent
a_000197,u_00110,l_00016,2026-05-12 06:00:00,declined
a_000198,u_00174,l_00148,2026-01-15 09:00:00,viewed
a_000199,u_00128,l_00038,2026-01-31 01:00:00,sent
a_000200,u_00123,l_00002,2026-03-05 09:00:00,declined
a_000201,u_00217,l_00146,2025-12-25 19:00:00,withdrawn
a_000202,u_00193,l_00097,2025-12-20 06:00:00,declined
a_000203,u_00183,l_00082,2026-04-13 17:00:00,declined
a_000204,u_00180,l_00126,2025-11-21 00:00:00,withdrawn
a_000205,u_00048,l_00022,2026-05-15 03:00:00,viewed
a_000206,u_00002,l_00035,2026-04-10 12:00:00,viewed
a_000207,u_00223,l_00021,2026-05-02 12:00:00,sent
a_000208,u_00095,l_00067,2026-05-14 15:00:00,declined
a_000209,u_00166,l_00147,2026-03-30 23:00:00,viewed
a_000210,u_00211,l_00122,2026-03-23 08:00:00,declined
a_000211,u_00094,l_00139,2026-03-25 20:00:00,viewed
a_000212,u_00081,l_00130,2026-05-03 09:00:00,sent
a_000213,u_00015,l_00121,2026-04-05 08:00:00,sent
a_000214,u_00191,l_00035,2026-04-01 05:00:00,sent
a_000215,u_00105,l_00058,2026-04-20 17:00:00,sent
a_000216,u_00052,l_00078,2026-03-23 05:00:00,sent
a_000217,u_00143,l_00107,2026-04-13 06:00:00,sent
a_000218,u_00203,l_00136,2026-04-07 14:00:00,viewed
a_000219,u_00100,l_00043,2026-02-06 00:00:00,viewed
a_000220,u_00119,l_00128,2026-02-10 19:00:00,sent
a_000221,u_00119,l_00029,2026-02-27 00:00:00,viewed
a_000222,u_00123,l_00046,2026-04-28 19:00:00,sent
a_000223,u_00091,l_00095,2025-12-21 00:00:00,withdrawn
a_000224,u_00172,l_00045,2025-12-25 15:00:00,sent
a_000225,u_00080,l_00077,2026-03-31 15:00:00,viewed
a_000226,u_00160,l_00061,2026-02-24 12:00:00,withdrawn
a_000227,u_00219,l_00069,2026-01-02 11:00:00,withdrawn
a_000228,u_00179,l_00132,2026-01-17 02:00:00,declined
a_000229,u_00064,l_00058,2026-04-13 17:00:00,viewed
a_000230,u_00101,l_00099,2026-04-03 11:00:00,viewed
a_000231,u_00135,l_00070,2026-01-05 20:00:00,declined
a_000232,u_00013,l_00110,2026-06-02 14:00:00,sent
a_000233,u_00044,l_00095,2025-12-06 14:00:00,sent
a_000234,u_00185,l_00032,2026-05-10 03:00:00,viewed
a_000235,u_00132,l_00004,2026-04-27 22:00:00,sent
a_000236,u_00002,l_00092,2026-02-07 00:00:00,viewed
a_000237,u_00151,l_00057,2025-11-24 23:00:00,withdrawn
a_000238,u_00016,l_00047,2026-05-05 11:00:00,declined
a_000239,u_00105,l_00109,2025-11-18 01:00:00,declined
a_000240,u_00212,l_00079,2026-05-03 07:00:00,viewed
a_000241,u_00185,l_00032,2026-04-18 05:00:00,declined
a_000242,u_00017,l_00027,2026-01-25 01:00:00,sent
a_000243,u_00067,l_00117,2026-03-14 09:00:00,shortlisted
a_000244,u_00034,l_00023,2025-12-09 20:00:00,sent
a_000245,u_00207,l_00010,2026-03-01 11:00:00,sent
a_000246,u_00172,l_00068,2026-05-14 21:00:00,viewed
a_000247,u_00061,l_00127,2026-05-08 18:00:00,sent
a_000248,u_00151,l_00018,2025-12-04 06:00:00,shortlisted
a_000249,u_00183,l_00012,2026-02-25 12:00:00,declined
a_000250,u_00072,l_00069,2025-12-29 22:00:00,shortlisted
a_000251,u_00142,l_00001,2026-03-27 08:00:00,viewed
a_000252,u_00049,l_00067,2026-04-28 21:00:00,sent
a_000253,u_00049,l_00091,2026-03-08 03:00:00,sent
a_000254,u_00244,l_00077,2026-05-07 02:00:00,sent
a_000255,u_00154,l_00033,2026-03-02 02:00:00,viewed
a_000256,u_00090,l_00033,2026-02-23 22:00:00,viewed
a_000257,u_00169,l_00031,2025-12-16 20:00:00,viewed
a_000258,u_00161,l_00140,2026-05-12 07:00:00,sent
a_000259,u_00101,l_00055,2026-01-04 07:00:00,sent
a_000260,u_00235,l_00054,2026-02-28 05:00:00,shortlisted
a_000261,u_00116,l_00070,2025-12-30 20:00:00,sent
a_000262,u_00191,l_00079,2026-05-10 19:00:00,sent
a_000263,u_00246,l_00048,2025-12-11 15:00:00,sent
a_000264,u_00219,l_00087,2026-03-19 18:00:00,viewed
a_000265,u_00200,l_00041,2026-02-09 06:00:00,declined
a_000266,u_00056,l_00110,2026-05-18 20:00:00,viewed
a_000267,u_00088,l_00102,2026-01-15 09:00:00,sent
a_000268,u_00243,l_99380,2026-04-12 23:00:00,sent
a_000269,u_00195,l_00053,2026-05-29 04:00:00,sent
a_000270,u_00218,l_00062,2026-01-24 03:00:00,declined
a_000271,u_00180,l_00024,2026-04-12 16:00:00,sent
a_000272,u_00133,l_00004,2026-04-19 19:00:00,withdrawn
a_000273,u_00135,l_00077,2026-05-10 10:00:00,viewed
a_000274,u_00096,l_00123,2025-11-17 10:00:00,viewed
a_000275,u_00189,l_00121,2026-04-23 14:00:00,declined
a_000276,u_00084,l_00113,2026-01-30 18:00:00,viewed
a_000277,u_00001,l_00024,2026-04-05 22:00:00,sent
a_000278,u_00216,l_00095,2025-12-07 12:00:00,viewed
a_000279,u_00120,l_00139,2026-04-10 20:00:00,declined
a_000280,u_00177,l_00073,2026-01-13 07:00:00,sent
a_000281,u_00204,l_00084,2026-04-20 19:00:00,sent
a_000282,u_00114,l_00001,2026-03-05 06:00:00,viewed
a_000283,u_00084,l_00118,2026-01-11 08:00:00,sent
a_000284,u_00101,l_00011,2026-04-12 15:00:00,viewed
a_000285,u_00056,l_00067,2026-05-23 13:00:00,shortlisted
a_000286,u_00204,l_00081,2026-05-05 13:00:00,shortlisted
a_000287,u_00038,l_00080,2026-03-24 02:00:00,withdrawn
a_000288,u_00180,l_00114,2026-04-15 03:00:00,sent
a_000289,u_00157,l_00043,2026-01-12 11:00:00,viewed
a_000290,u_00213,l_00038,2025-12-30 14:00:00,declined
a_000291,u_00011,l_00059,2026-03-30 02:00:00,sent
a_000292,u_00099,l_00087,2026-02-27 19:00:00,sent
a_000293,u_00011,l_00031,2025-12-07 06:00:00,sent
a_000294,u_00031,l_00113,2026-02-12 02:00:00,declined
a_000295,u_00225,l_00079,2026-06-01 00:00:00,viewed
a_000296,u_00046,l_00139,2026-04-15 15:00:00,withdrawn
a_000297,u_00088,l_00131,2026-05-02 21:00:00,sent
a_000298,u_00142,l_00095,2025-12-20 01:00:00,viewed
a_000299,u_00238,l_00092,2026-02-11 20:00:00,viewed
a_000300,u_00130,l_00040,2026-01-08 00:00:00,withdrawn
a_000301,u_00063,l_00064,2026-01-18 17:00:00,sent
a_000302,u_00154,l_00118,2025-12-31 19:00:00,viewed
a_000303,u_99817,l_00036,2026-03-04 03:00:00,viewed
a_000304,u_00240,l_00025,2026-01-05 23:00:00,viewed
a_000305,u_00140,l_00026,2026-05-12 01:00:00,declined
a_000306,u_00200,l_00100,2026-01-28 14:00:00,shortlisted
a_000307,u_00052,l_00138,2026-04-07 00:00:00,declined
a_000308,u_00064,l_00146,2025-12-26 15:00:00,declined
a_000309,u_00197,l_00059,2026-03-12 05:00:00,sent
a_000310,u_00024,l_00041,2026-02-14 17:00:00,viewed
a_000311,u_00034,l_00147,2026-03-16 15:00:00,sent
a_000312,u_00082,l_00068,2026-05-24 09:00:00,sent
a_000313,u_00120,l_00106,2026-02-10 09:00:00,sent
a_000314,u_00145,l_00006,2026-04-15 20:00:00,sent
a_000315,u_00132,l_00137,2026-05-27 22:00:00,sent
a_000316,u_00162,l_00112,2026-01-21 00:00:00,sent
a_000317,u_00131,l_00013,2026-01-01 03:00:00,declined
a_000318,u_00161,l_00021,2026-05-06 09:00:00,sent
a_000319,u_00197,l_00050,2025-11-23 18:00:00,viewed
a_000320,u_00065,l_00101,2025-12-11 09:00:00,sent
a_000321,u_00164,l_00087,2026-02-23 06:00:00,sent
a_000322,u_00094,l_00140,2026-04-26 12:00:00,sent
a_000323,u_00095,l_00095,2026-01-05 21:00:00,viewed
a_000324,u_00041,l_00119,2026-01-03 21:00:00,sent
a_000325,u_00122,l_00083,2026-03-04 21:00:00,viewed
a_000326,u_00038,l_00115,2026-02-05 13:00:00,viewed
a_000327,u_00089,l_00133,2026-02-19 17:00:00,declined
a_000328,u_00177,l_00021,2026-05-08 06:00:00,declined
a_000329,u_00185,l_00017,2026-01-04 21:00:00,sent
a_000330,u_00007,l_00094,2025-12-15 11:00:00,sent
a_000331,u_00072,l_00024,2026-05-14 01:00:00,sent
a_000332,u_00133,l_00077,2026-04-04 03:00:00,shortlisted
a_000333,u_00204,l_00015,2025-12-13 22:00:00,sent
a_000334,u_00185,l_00072,2026-02-10 14:00:00,viewed
a_000335,u_00146,l_00077,2026-05-11 05:00:00,viewed
a_000336,u_00163,l_00059,2026-03-21 01:00:00,declined
a_000337,u_00097,l_00106,2026-02-28 17:00:00,viewed
a_000338,u_00078,l_00120,2026-06-07 15:00:00,sent
a_000339,u_00042,l_00143,2026-05-03 07:00:00,sent
a_000340,u_00193,l_00103,2026-03-14 18:00:00,viewed
a_000341,u_00151,l_00136,2026-03-24 15:00:00,withdrawn
a_000342,u_00212,l_00096,2026-03-08 08:00:00,withdrawn
a_000343,u_00204,l_00132,2026-01-03 13:00:00,withdrawn
a_000344,u_00176,l_00021,2026-04-14 07:00:00,viewed
a_000345,u_00114,l_00069,2026-01-05 00:00:00,sent
a_000346,u_00248,l_00048,2025-11-29 14:00:00,sent
a_000347,u_00168,l_00087,2026-03-24 13:00:00,sent
a_000348,u_00103,l_00074,2026-03-18 15:00:00,sent
a_000349,u_00140,l_00120,2026-04-16 09:00:00,sent
a_000350,u_00130,l_00007,2026-04-10 07:00:00,sent
a_000351,u_00032,l_00074,2026-03-04 20:00:00,viewed
a_000352,u_00041,l_00118,2026-01-25 07:00:00,viewed
a_000353,u_00129,l_00139,2026-04-08 21:00:00,sent
a_000354,u_00180,l_00086,2025-12-14 18:00:00,viewed
a_000355,u_00159,l_00027,2026-01-29 07:00:00,shortlisted
a_000356,u_00084,l_00111,2026-03-01 23:00:00,viewed
a_000357,u_00100,l_00045,2025-12-03 08:00:00,shortlisted
a_000358,u_00042,l_00054,2026-02-21 15:00:00,withdrawn
a_000359,u_00144,l_00012,2026-03-04 10:00:00,sent
a_000360,u_00145,l_00124,2026-01-14 11:00:00,sent
a_000361,u_00241,l_00106,2026-02-16 05:00:00,viewed
a_000362,u_00201,l_00003,2026-04-17 22:00:00,sent
a_000363,u_00006,l_00015,2026-01-08 07:00:00,viewed
a_000364,u_00034,l_00149,2026-03-11 05:00:00,sent
a_000365,u_00024,l_00135,2026-04-03 12:00:00,sent
a_000366,u_00225,l_00130,2026-04-11 08:00:00,viewed
a_000367,u_00236,l_00108,2026-02-04 06:00:00,declined
a_000368,u_00081,l_00120,2026-05-18 05:00:00,declined
a_000369,u_00103,l_00061,2026-03-14 21:00:00,declined
a_000370,u_00204,l_00118,2026-01-28 08:00:00,viewed
a_000371,u_00225,l_00137,2026-05-27 06:00:00,sent
a_000372,u_00216,l_00063,2025-12-31 17:00:00,sent
a_000373,u_00073,l_00136,2026-04-12 04:00:00,viewed
a_000374,u_00241,l_00026,2026-06-02 21:00:00,withdrawn
a_000375,u_00144,l_00143,2026-05-29 20:00:00,sent
a_000376,u_00157,l_00032,2026-04-07 21:00:00,declined
a_000377,u_00231,l_00085,2026-02-06 13:00:00,withdrawn
a_000378,u_00017,l_00032,2026-05-07 01:00:00,declined
a_000379,u_00040,l_00040,2026-01-10 09:00:00,sent
a_000380,u_00084,l_00047,2026-05-30 01:00:00,declined
a_000381,u_00102,l_00034,2026-05-12 07:00:00,shortlisted
a_000382,u_00209,l_00071,2026-03-27 02:00:00,sent
a_000383,u_00120,l_00063,2025-12-23 06:00:00,declined
a_000384,u_00097,l_00079,2026-05-15 06:00:00,viewed
a_000385,u_00050,l_00024,2026-04-16 14:00:00,sent
a_000386,u_00002,l_00103,2026-03-23 23:00:00,viewed
a_000387,u_00131,l_00030,2026-04-27 15:00:00,sent
a_000388,u_00219,l_00117,2026-02-21 21:00:00,sent
a_000389,u_00093,l_00055,2026-01-09 18:00:00,sent
a_000390,u_00246,l_00098,2026-04-10 12:00:00,viewed
a_000391,u_00138,l_00067,2026-05-06 01:00:00,shortlisted
a_000392,u_00161,l_00002,2026-02-25 19:00:00,sent
a_000393,u_00198,l_00022,2026-05-05 18:00:00,sent
a_000394,u_00102,l_00120,2026-06-06 00:00:00,viewed
a_000395,u_00056,l_00129,2026-05-03 07:00:00,withdrawn
a_000396,u_00170,l_00096,2026-02-13 22:00:00,declined
a_000397,u_00132,l_00024,2026-04-19 18:00:00,sent
a_000398,u_00181,l_00117,2026-03-08 21:00:00,sent
a_000399,u_00163,l_00115,2026-02-20 06:00:00,sent
a_000400,u_00054,l_00118,2026-01-14 19:00:00,sent
a_000401,u_00157,l_00010,2026-03-11 01:00:00,sent
a_000402,u_00050,l_00077,2026-04-13 16:00:00,viewed
a_000403,u_00170,l_00020,2026-02-15 14:00:00,viewed
a_000404,u_00122,l_00136,2026-04-10 20:00:00,sent
a_000405,u_00203,l_00032,2026-05-08 19:00:00,sent
a_000406,u_00196,l_00096,2026-02-14 17:00:00,sent
a_000407,u_00237,l_00089,2026-03-24 04:00:00,shortlisted
a_000408,u_00237,l_00049,2026-01-01 06:00:00,sent
a_000409,u_00034,l_00099,2026-04-22 09:00:00,sent
a_000410,u_00139,l_00096,2026-02-15 03:00:00,shortlisted
a_000411,u_00223,l_00144,2026-06-04 20:00:00,declined
a_000412,u_00121,l_00003,2026-03-12 03:00:00,viewed
a_000413,u_00239,l_00128,2026-02-09 04:00:00,declined
a_000414,u_00016,l_00056,2026-02-21 07:00:00,sent
a_000415,u_00237,l_00114,2026-05-04 06:00:00,declined
a_000416,u_00156,l_00051,2026-03-31 19:00:00,sent
a_000417,u_00224,l_00038,2026-01-13 12:00:00,sent
a_000418,u_00033,l_00132,2026-01-08 18:00:00,declined
a_000419,u_00177,l_00004,2026-04-26 19:00:00,declined
a_000420,u_00086,l_00007,2026-03-30 18:00:00,sent
a_000421,u_00088,l_00094,2025-12-08 19:00:00,sent
a_000422,u_00082,l_00115,2026-02-17 01:00:00,viewed
a_000423,u_00017,l_00068,2026-06-08 00:00:00,sent
a_000424,u_00084,l_00026,2026-05-15 16:00:00,sent
a_000425,u_00077,l_00127,2026-05-11 20:00:00,viewed
a_000426,u_00196,l_00133,2026-02-22 10:00:00,shortlisted
a_000427,u_00089,l_00125,2025-12-25 14:00:00,withdrawn
a_000428,u_00163,l_00097,2025-12-20 03:00:00,declined
a_000429,u_00153,l_00102,2026-01-21 09:00:00,withdrawn
a_000430,u_00064,l_00129,2026-04-14 07:00:00,declined
a_000431,u_00231,l_00026,2026-05-09 12:00:00,sent
a_000432,u_00200,l_00021,2026-05-13 10:00:00,sent
a_000433,u_00249,l_00070,2025-12-29 02:00:00,declined
a_000434,u_00057,l_00089,2026-04-11 15:00:00,withdrawn
a_000435,u_00207,l_00012,2026-02-23 01:00:00,declined
a_000436,u_00188,l_00065,2026-03-08 22:00:00,declined
a_000437,u_00017,l_00119,2025-12-19 16:00:00,sent
a_000438,u_00206,l_00070,2026-01-04 20:00:00,withdrawn
a_000439,u_99429,l_00130,2026-04-10 00:00:00,withdrawn
a_000440,u_00225,l_00104,2026-03-22 00:00:00,sent
a_000441,u_00130,l_00034,2026-05-17 17:00:00,sent
a_000442,u_00147,l_00094,2025-12-18 02:00:00,viewed
a_000443,u_00071,l_00024,2026-04-25 16:00:00,sent
a_000444,u_00015,l_00123,2025-11-30 22:00:00,sent
a_000445,u_00065,l_00119,2025-12-16 10:00:00,sent
a_000446,u_00249,l_00031,2025-12-16 12:00:00,sent
a_000447,u_00104,l_00133,2026-02-20 06:00:00,viewed
a_000448,u_00185,l_99591,2026-01-24 15:00:00,sent
a_000449,u_00196,l_00111,2026-03-06 20:00:00,viewed
a_000450,u_00084,l_00024,2026-04-26 08:00:00,sent
a_000451,u_00056,l_00094,2025-12-21 09:00:00,sent
a_000452,u_00218,l_00120,2026-05-02 16:00:00,declined
a_000453,u_00083,l_00121,2026-04-06 16:00:00,sent
a_000454,u_00245,l_00030,2026-05-05 13:00:00,withdrawn
a_000455,u_00071,l_00114,2026-04-25 04:00:00,sent
a_000456,u_00004,l_00064,2026-01-20 03:00:00,sent
a_000457,u_00180,l_00024,2026-04-17 08:00:00,shortlisted
a_000458,u_00224,l_00084,2026-04-14 12:00:00,sent
a_000459,u_00056,l_00088,2026-05-02 12:00:00,sent
a_000460,u_00097,l_00039,2026-01-08 17:00:00,sent
a_000461,u_00089,l_00040,2026-01-24 15:00:00,declined
a_000462,u_00061,l_00055,2025-12-23 21:00:00,declined
a_000463,u_00151,l_00040,2025-12-30 22:00:00,declined
a_000464,u_00057,l_00135,2026-03-16 21:00:00,withdrawn
a_000465,u_00042,l_00093,2026-03-06 01:00:00,viewed
a_000466,u_00057,l_00140,2026-05-13 14:00:00,sent
a_000467,u_00068,l_00076,2026-04-10 04:00:00,sent
a_000468,u_00090,l_00014,2025-12-20 05:00:00,viewed
a_000469,u_00011,l_00067,2026-04-27 05:00:00,viewed
a_000470,u_00078,l_00140,2026-05-07 23:00:00,sent
a_000471,u_00083,l_00031,2025-12-11 02:00:00,sent
a_000472,u_00063,l_00083,2026-02-26 04:00:00,sent
a_000473,u_00018,l_00098,2026-04-17 05:00:00,viewed
a_000474,u_00081,l_00133,2026-02-22 03:00:00,declined
a_000475,u_00056,l_00095,2025-12-27 13:00:00,viewed
a_000476,u_00183,l_00011,2026-03-18 09:00:00,viewed
a_000477,u_00013,l_00048,2025-12-07 07:00:00,withdrawn
a_000478,u_00050,l_00105,2026-04-02 06:00:00,sent
a_000479,u_00144,l_00104,2026-03-09 21:00:00,sent
a_000480,u_00078,l_00023,2025-12-29 23:00:00,declined
a_000481,u_00237,l_00142,2026-05-05 12:00:00,viewed
a_000482,u_00048,l_00083,2026-02-10 02:00:00,sent
a_000483,u_00246,l_00067,2026-05-01 08:00:00,declined
a_000484,u_00120,l_00040,2026-01-25 23:00:00,viewed
a_000485,u_00096,l_00132,2025-12-30 10:00:00,sent
a_000486,u_00130,l_00092,2026-03-09 03:00:00,sent
a_000487,u_00026,l_00079,2026-05-09 06:00:00,withdrawn
a_000488,u_00168,l_00139,2026-04-22 02:00:00,sent
a_000489,u_00035,l_00114,2026-03-25 16:00:00,sent
a_000490,u_99242,l_00040,2026-01-05 14:00:00,declined
a_000491,u_00236,l_00102,2026-01-16 09:00:00,withdrawn
a_000492,u_00211,l_00144,2026-05-30 10:00:00,sent
a_000493,u_00212,l_00034,2026-05-24 19:00:00,withdrawn
a_000494,u_99918,l_00126,2025-12-20 13:00:00,sent
a_000495,u_00128,l_00008,2026-01-18 12:00:00,viewed
a_000496,u_00129,l_00067,2026-04-26 23:00:00,declined
a_000497,u_00177,l_00149,2026-03-25 02:00:00,sent
a_000498,u_00224,l_00111,2026-02-09 01:00:00,sent
a_000499,u_00135,l_00054,2026-02-14 16:00:00,sent
a_000500,u_00089,l_00004,2026-05-02 06:00:00,declined
a_000501,u_00224,l_00147,2026-03-24 00:00:00,viewed
a_000502,u_00129,l_00120,2026-05-19 14:00:00,viewed
a_000503,u_00014,l_00126,2025-11-29 17:00:00,sent
a_000504,u_00190,l_00002,2026-02-23 21:00:00,viewed
a_000505,u_00105,l_00085,2026-01-22 14:00:00,declined
a_000506,u_00024,l_00081,2026-05-03 12:00:00,sent
a_000507,u_00131,l_00085,2026-01-14 11:00:00,withdrawn
a_000508,u_00177,l_00019,2026-04-13 03:00:00,sent
a_000509,u_00007,l_00007,2026-03-27 09:00:00,sent
a_000510,u_00077,l_00136,2026-03-29 04:00:00,declined
a_000511,u_00215,l_00026,2026-05-05 08:00:00,withdrawn
a_000512,u_00147,l_00061,2026-03-12 17:00:00,withdrawn
a_000513,u_00224,l_00065,2026-04-12 03:00:00,declined
a_000514,u_00013,l_00148,2026-02-27 19:00:00,sent
a_000515,u_00187,l_00050,2025-11-13 07:00:00,viewed
a_000516,u_00143,l_00045,2025-11-19 04:00:00,declined
a_000517,u_00023,l_00061,2026-02-12 23:00:00,sent
a_000518,u_00214,l_00059,2026-03-29 03:00:00,withdrawn
a_000519,u_00099,l_00042,2026-04-26 07:00:00,sent
a_000520,u_00144,l_00026,2026-05-06 23:00:00,viewed
a_000521,u_00026,l_00095,2025-12-03 04:00:00,shortlisted
a_000522,u_00150,l_00036,2026-02-21 00:00:00,sent
a_000523,u_00174,l_00143,2026-06-03 16:00:00,viewed
a_000524,u_00077,l_00101,2025-12-24 22:00:00,viewed
a_000525,u_00046,l_00089,2026-04-05 11:00:00,sent
a_000526,u_00058,l_00120,2026-04-27 03:00:00,sent
a_000527,u_00013,l_00033,2026-02-19 22:00:00,sent
a_000528,u_00202,l_00139,2026-03-29 09:00:00,withdrawn
a_000529,u_00230,l_00129,2026-04-25 09:00:00,viewed
a_000530,u_00036,l_00100,2026-02-18 08:00:00,viewed
a_000531,u_00007,l_00116,2026-04-30 14:00:00,declined
a_000532,u_00197,l_00147,2026-04-16 23:00:00,sent
a_000533,u_00110,l_00019,2026-03-20 01:00:00,sent
a_000534,u_00223,l_00024,2026-04-12 17:00:00,sent
a_000535,u_00169,l_00133,2026-03-07 16:00:00,sent
a_000536,u_00001,l_00133,2026-03-19 03:00:00,sent
a_000537,u_00198,l_00003,2026-03-24 16:00:00,sent
a_000538,u_00127,l_00016,2026-04-11 01:00:00,withdrawn
a_000539,u_00216,l_00002,2026-02-22 22:00:00,sent
a_000540,u_00076,l_00087,2026-03-27 16:00:00,sent
a_000541,u_00027,l_00028,2026-02-24 00:00:00,sent
a_000542,u_00225,l_00009,2025-12-16 04:00:00,viewed
a_000543,u_00134,l_00069,2025-12-28 05:00:00,viewed
a_000544,u_00144,l_00131,2026-05-02 15:00:00,viewed
a_000545,u_00181,l_00149,2026-03-21 20:00:00,viewed
a_000546,u_00171,l_00033,2026-02-12 08:00:00,viewed
a_000547,u_00011,l_00042,2026-03-17 20:00:00,sent
a_000548,u_00001,l_00063,2025-12-29 22:00:00,sent
a_000549,u_00047,l_00080,2026-04-12 06:00:00,sent
a_000550,u_00150,l_00053,2026-05-22 13:00:00,sent
a_000551,u_00177,l_00002,2026-03-13 02:00:00,shortlisted
a_000552,u_00194,l_00136,2026-03-23 15:00:00,declined
a_000553,u_00095,l_00030,2026-04-28 12:00:00,sent
a_000554,u_00122,l_00051,2026-04-11 12:00:00,shortlisted
a_000555,u_00122,l_00109,2025-11-24 14:00:00,sent
a_000556,u_00199,l_00037,2026-02-01 00:00:00,viewed
a_000557,u_00078,l_00101,2025-12-16 07:00:00,declined
a_000558,u_00031,l_00017,2026-01-31 09:00:00,sent
a_000559,u_00178,l_00021,2026-05-02 16:00:00,withdrawn
a_000560,u_00106,l_00102,2026-02-04 02:00:00,withdrawn
a_000561,u_00052,l_00138,2026-04-14 10:00:00,withdrawn
a_000562,u_00071,l_00102,2026-01-13 22:00:00,declined
a_000563,u_00218,l_00110,2026-05-27 08:00:00,sent
a_000564,u_00140,l_00068,2026-06-09 07:00:00,withdrawn
a_000565,u_00113,l_00121,2026-04-18 18:00:00,sent
a_000566,u_00026,l_00113,2026-02-17 00:00:00,viewed
a_000567,u_00125,l_00118,2025-11-30 11:00:00,withdrawn
a_000568,u_00111,l_00083,2026-03-12 04:00:00,declined
a_000569,u_99135,l_00095,2025-12-18 21:00:00,sent
a_000570,u_00184,l_00011,2026-04-20 16:00:00,sent
a_000571,u_00046,l_00150,2026-01-29 20:00:00,sent
a_000572,u_00121,l_00095,2025-12-30 16:00:00,sent
a_000573,u_00155,l_00141,2026-05-23 00:00:00,declined
a_000574,u_00133,l_00066,2026-03-28 12:00:00,sent
a_000575,u_00150,l_00123,2025-11-27 00:00:00,sent
a_000576,u_00215,l_00147,2026-04-20 13:00:00,sent
a_000577,u_00002,l_00068,2026-05-24 01:00:00,declined
a_000578,u_00036,l_00013,2026-01-11 14:00:00,declined
a_000579,u_00193,l_00150,2026-01-19 00:00:00,sent
a_000580,u_00244,l_00080,2026-03-14 19:00:00,withdrawn
a_000581,u_00125,l_00040,2026-01-03 13:00:00,sent
a_000582,u_00071,l_00116,2026-05-18 23:00:00,sent
a_000583,u_00058,l_00072,2026-02-17 09:00:00,declined
a_000584,u_00024,l_00109,2025-11-23 16:00:00,shortlisted
a_000585,u_00077,l_00023,2025-12-16 01:00:00,sent
a_000586,u_00015,l_00033,2026-02-04 00:00:00,viewed
a_000587,u_00102,l_00084,2026-04-20 21:00:00,sent
a_000588,u_00086,l_00143,2026-06-01 20:00:00,sent
a_000589,u_00237,l_00063,2025-12-28 15:00:00,sent
a_000590,u_00192,l_00003,2026-03-14 14:00:00,sent
a_000591,u_00038,l_00087,2026-03-27 04:00:00,declined
a_000592,u_00063,l_00130,2026-04-10 12:00:00,sent
a_000593,u_00028,l_00074,2026-03-26 02:00:00,sent
a_000594,u_00015,l_00062,2026-01-14 10:00:00,sent
a_000595,u_00181,l_00109,2025-12-20 19:00:00,viewed
a_000596,u_00048,l_00130,2026-05-08 04:00:00,viewed
a_000597,u_00197,l_00030,2026-05-08 09:00:00,viewed
a_000598,u_00237,l_00062,2026-01-02 13:00:00,declined
a_000599,u_00120,l_00019,2026-04-27 09:00:00,sent
a_000600,u_00095,l_00114,2026-04-13 14:00:00,sent
a_000601,u_00031,l_00150,2026-01-17 15:00:00,viewed
a_000602,u_00096,l_00147,2026-04-14 02:00:00,shortlisted
a_000603,u_00007,l_00073,2025-12-08 00:00:00,sent
a_000604,u_00063,l_00005,2026-01-20 20:00:00,declined
a_000605,u_00031,l_00096,2026-03-10 12:00:00,viewed
a_000606,u_00016,l_00134,2026-01-04 13:00:00,sent
a_000607,u_00031,l_00043,2026-01-11 17:00:00,viewed
a_000608,u_00106,l_00047,2026-05-11 09:00:00,sent
a_000609,u_00240,l_00027,2026-02-01 14:00:00,declined
a_000610,u_00148,l_00056,2026-02-26 11:00:00,declined
a_000611,u_00121,l_00126,2025-12-06 07:00:00,declined
a_000612,u_00171,l_00037,2026-02-07 17:00:00,viewed
a_000613,u_00147,l_00108,2026-02-20 16:00:00,sent
a_000614,u_00116,l_00018,2025-12-25 10:00:00,sent
a_000615,u_00097,l_00025,2025-12-29 10:00:00,withdrawn
a_000616,u_00138,l_00054,2026-02-11 11:00:00,shortlisted
a_000617,u_00098,l_00030,2026-05-09 07:00:00,viewed
a_000618,u_00175,l_00090,2026-02-13 01:00:00,declined
a_000619,u_00050,l_00062,2025-12-25 05:00:00,sent
a_000620,u_00203,l_00139,2026-03-31 17:00:00,sent
a_000621,u_00176,l_00147,2026-04-13 22:00:00,viewed
a_000622,u_00025,l_00019,2026-04-22 10:00:00,viewed
a_000623,u_00073,l_00016,2026-05-12 07:00:00,withdrawn
a_000624,u_00162,l_00026,2026-05-05 02:00:00,viewed
a_000625,u_00237,l_00071,2026-02-20 08:00:00,declined
a_000626,u_00025,l_00055,2026-01-08 18:00:00,viewed
a_000627,u_00116,l_00084,2026-05-19 05:00:00,shortlisted
a_000628,u_00157,l_00094,2025-11-15 15:00:00,viewed
a_000629,u_00100,l_00133,2026-03-05 13:00:00,withdrawn
a_000630,u_00174,l_00143,2026-06-01 11:00:00,sent
a_000631,u_00243,l_00124,2025-12-16 10:00:00,sent
a_000632,u_00027,l_00045,2025-12-11 20:00:00,declined
a_000633,u_00197,l_00141,2026-06-13 17:00:00,viewed
a_000634,u_00046,l_00136,2026-04-16 22:00:00,sent
a_000635,u_00045,l_00012,2026-03-28 13:00:00,declined
a_000636,u_00036,l_00112,2026-01-07 21:00:00,declined
a_000637,u_00023,l_00049,2026-01-12 20:00:00,sent
a_000638,u_00109,l_00094,2025-12-04 22:00:00,sent
a_000639,u_00040,l_00126,2025-12-06 18:00:00,sent
a_000640,u_00111,l_00110,2026-05-27 12:00:00,viewed
a_000641,u_00192,l_00088,2026-04-18 16:00:00,declined
a_000642,u_00216,l_00149,2026-02-19 11:00:00,shortlisted
a_000643,u_00191,l_00140,2026-04-21 20:00:00,viewed
a_000644,u_00039,l_00023,2025-11-25 20:00:00,sent
a_000645,u_00082,l_00033,2026-03-01 16:00:00,withdrawn
a_000646,u_00146,l_00111,2026-02-09 15:00:00,withdrawn
a_000647,u_00193,l_00081,2026-04-29 03:00:00,sent
a_000648,u_00089,l_00072,2026-03-01 03:00:00,declined
a_000649,u_00181,l_00011,2026-03-27 05:00:00,sent
a_000650,u_00022,l_00125,2025-12-05 21:00:00,sent
a_000651,u_00249,l_00056,2026-02-23 01:00:00,sent
a_000652,u_00158,l_00132,2026-01-05 07:00:00,viewed
a_000653,u_00160,l_00099,2026-05-09 20:00:00,sent
a_000654,u_00239,l_00097,2025-12-10 02:00:00,viewed
a_000655,u_00044,l_00042,2026-04-27 09:00:00,sent
a_000656,u_00072,l_00029,2026-03-18 01:00:00,sent
a_000657,u_00245,l_00011,2026-04-12 11:00:00,sent
a_000658,u_00027,l_00119,2026-01-04 14:00:00,sent
a_000659,u_00030,l_00148,2026-02-01 21:00:00,sent
a_000660,u_00185,l_00062,2025-12-20 12:00:00,withdrawn
a_000661,u_00006,l_00150,2026-02-04 18:00:00,declined
a_000662,u_00171,l_00056,2026-02-20 16:00:00,viewed
a_000663,u_00042,l_00118,2025-12-26 20:00:00,declined
a_000664,u_00132,l_00007,2026-04-12 12:00:00,viewed
a_000665,u_00132,l_00029,2026-03-19 05:00:00,declined
a_000666,u_00111,l_00024,2026-05-13 14:00:00,sent
a_000667,u_00064,l_00121,2026-04-21 04:00:00,viewed
a_000668,u_00144,l_00128,2026-01-30 21:00:00,sent
a_000669,u_00217,l_00127,2026-04-23 20:00:00,sent
a_000670,u_00053,l_00017,2026-01-20 13:00:00,declined
a_000671,u_00046,l_00070,2025-12-29 14:00:00,viewed
a_000672,u_00143,l_00029,2026-03-23 09:00:00,viewed
a_000673,u_00174,l_00141,2026-06-17 14:00:00,declined
a_000674,u_00058,l_00022,2026-05-05 11:00:00,viewed
a_000675,u_00149,l_00131,2026-04-15 01:00:00,sent
a_000676,u_00121,l_00020,2026-02-20 14:00:00,viewed
a_000677,u_00004,l_00094,2025-12-20 10:00:00,declined
a_000678,u_00026,l_00015,2025-12-23 09:00:00,shortlisted
a_000679,u_00099,l_00121,2026-04-28 08:00:00,sent
a_000680,u_00161,l_00044,2025-11-23 16:00:00,viewed
a_000681,u_00054,l_00032,2026-04-19 19:00:00,viewed
a_000682,u_00238,l_00093,2026-02-23 01:00:00,sent
a_000683,u_00215,l_00118,2026-01-24 17:00:00,sent
a_000684,u_00234,l_00039,2026-01-10 17:00:00,shortlisted
a_000685,u_00153,l_00143,2026-05-16 01:00:00,sent
a_000686,u_00216,l_00053,2026-05-22 04:00:00,sent
a_000687,u_00227,l_00069,2025-12-07 08:00:00,viewed
a_000688,u_00163,l_00121,2026-04-18 01:00:00,declined
a_000689,u_00026,l_00128,2026-01-23 17:00:00,shortlisted
a_000690,u_00011,l_00066,2026-04-25 06:00:00,sent
a_000691,u_00249,l_00083,2026-03-14 06:00:00,withdrawn
a_000692,u_00163,l_00056,2026-03-23 14:00:00,declined
a_000693,u_00213,l_00147,2026-04-15 09:00:00,declined
a_000694,u_00140,l_00120,2026-05-17 17:00:00,viewed
a_000695,u_00095,l_00106,2026-02-13 01:00:00,withdrawn
a_000696,u_00145,l_00140,2026-04-16 12:00:00,sent
a_000697,u_00132,l_00064,2026-01-25 07:00:00,shortlisted
a_000698,u_00027,l_00011,2026-04-19 16:00:00,shortlisted
a_000699,u_00042,l_00113,2026-02-02 11:00:00,sent
a_000700,u_00006,l_00030,2026-04-14 17:00:00,declined
a_000701,u_00231,l_00081,2026-05-07 10:00:00,viewed
a_000702,u_00190,l_00080,2026-04-01 05:00:00,declined
a_000703,u_00040,l_00077,2026-04-06 18:00:00,viewed
a_000704,u_00240,l_00017,2026-01-16 03:00:00,viewed
a_000705,u_00146,l_00077,2026-04-28 18:00:00,sent
a_000706,u_00198,l_00008,2026-01-25 07:00:00,sent
a_000707,u_00170,l_00074,2026-03-05 16:00:00,sent
a_000708,u_00189,l_00122,2026-03-29 12:00:00,viewed
a_000709,u_00045,l_00027,2026-02-19 10:00:00,viewed
a_000710,u_00077,l_00077,2026-04-25 11:00:00,viewed
a_000711,u_00116,l_00012,2026-03-21 05:00:00,declined
a_000712,u_00094,l_00060,2025-12-13 21:00:00,declined
a_000713,u_00213,l_00045,2025-12-27 01:00:00,sent
a_000714,u_00230,l_00137,2026-05-22 01:00:00,declined
a_000715,u_00127,l_00039,2026-01-09 07:00:00,viewed
a_000716,u_00147,l_00118,2026-01-20 09:00:00,declined
a_000717,u_00040,l_00106,2026-02-18 15:00:00,viewed
a_000718,u_00080,l_00096,2026-03-04 19:00:00,sent
a_000719,u_00121,l_00029,2026-03-11 07:00:00,sent
a_000720,u_00133,l_00093,2026-03-02 21:00:00,declined
a_000721,u_00057,l_00036,2026-01-17 19:00:00,sent
a_000722,u_00151,l_00106,2026-02-17 06:00:00,sent
a_000723,u_00067,l_00076,2026-04-05 07:00:00,sent
a_000724,u_99908,l_00141,2026-05-14 18:00:00,declined
a_000725,u_00227,l_00118,2026-01-02 08:00:00,declined
a_000726,u_00050,l_00062,2026-01-22 08:00:00,sent
a_000727,u_00056,l_00023,2025-11-25 14:00:00,viewed
a_000728,u_00195,l_00026,2026-05-01 02:00:00,sent
a_000729,u_00231,l_00026,2026-05-09 01:00:00,shortlisted
a_000730,u_00121,l_00055,2025-12-19 13:00:00,sent
a_000731,u_00187,l_00066,2026-04-25 07:00:00,declined
a_000732,u_00082,l_00093,2026-02-04 14:00:00,declined
a_000733,u_00114,l_00034,2026-05-24 23:00:00,declined
a_000734,u_00015,l_00128,2026-01-25 21:00:00,sent
a_000735,u_00248,l_00117,2026-03-17 13:00:00,sent
a_000736,u_00034,l_00100,2026-03-02 00:00:00,viewed
a_000737,u_00038,l_00047,2026-05-09 06:00:00,sent
a_000738,u_00184,l_00035,2026-04-03 03:00:00,viewed
a_000739,u_00032,l_00066,2026-04-10 05:00:00,sent
a_000740,u_00095,l_00004,2026-05-03 02:00:00,declined
a_000741,u_00223,l_00020,2026-03-20 12:00:00,viewed
a_000742,u_00172,l_00054,2026-02-11 16:00:00,declined
a_000743,u_00110,l_00143,2026-06-04 22:00:00,shortlisted
a_000744,u_00028,l_00006,2026-04-13 12:00:00,withdrawn
a_000745,u_00101,l_00008,2026-01-29 06:00:00,sent
a_000746,u_00183,l_00096,2026-02-04 04:00:00,sent
a_000747,u_00175,l_00007,2026-03-18 16:00:00,viewed
a_000748,u_00082,l_00120,2026-05-26 18:00:00,viewed
a_000749,u_00178,l_00108,2026-01-23 21:00:00,declined
a_000750,u_00090,l_00003,2026-03-22 16:00:00,viewed
a_000751,u_00061,l_00080,2026-03-18 09:00:00,declined
a_000752,u_00034,l_00018,2025-12-23 09:00:00,sent
a_000753,u_00201,l_00082,2026-03-14 09:00:00,viewed
a_000754,u_00212,l_00146,2025-12-12 17:00:00,sent
a_000755,u_00234,l_00113,2026-02-24 04:00:00,sent
a_000756,u_00090,l_00123,2025-12-18 03:00:00,shortlisted
a_000757,u_00219,l_00127,2026-05-16 18:00:00,sent
a_000758,u_00129,l_00087,2026-03-25 13:00:00,withdrawn
a_000759,u_00113,l_00136,2026-04-25 03:00:00,sent
a_000760,u_00243,l_00106,2026-01-30 02:00:00,sent
a_000761,u_00206,l_00047,2026-05-14 07:00:00,sent
a_000762,u_00023,l_00066,2026-04-03 16:00:00,viewed
a_000763,u_00006,l_00150,2026-02-05 19:00:00,sent
a_000764,u_00164,l_00050,2025-12-07 07:00:00,declined
a_000765,u_00246,l_00093,2026-02-11 22:00:00,sent
a_000766,u_00156,l_00104,2026-02-22 12:00:00,shortlisted
a_000767,u_00191,l_00011,2026-03-31 00:00:00,sent
a_000768,u_00245,l_00081,2026-04-22 09:00:00,withdrawn
a_000769,u_00209,l_00027,2026-02-17 16:00:00,declined
a_000770,u_00154,l_00047,2026-05-04 22:00:00,shortlisted
a_000771,u_00043,l_00035,2026-04-23 09:00:00,withdrawn
a_000772,u_00065,l_00049,2026-01-07 04:00:00,withdrawn
a_000773,u_00063,l_00081,2026-04-01 10:00:00,declined
a_000774,u_00194,l_00111,2026-02-05 06:00:00,sent
a_000775,u_00188,l_00087,2026-03-08 19:00:00,sent
a_000776,u_00023,l_00132,2025-12-14 04:00:00,sent
a_000777,u_00178,l_00116,2026-04-29 02:00:00,sent
a_000778,u_00106,l_00141,2026-06-07 07:00:00,viewed
a_000779,u_00241,l_00100,2026-02-04 15:00:00,sent
a_000780,u_00240,l_00118,2026-01-08 05:00:00,declined
a_000781,u_00045,l_00034,2026-05-09 05:00:00,sent
a_000782,u_00166,l_00027,2026-02-22 02:00:00,shortlisted
a_000783,u_00128,l_00115,2026-01-19 09:00:00,sent
a_000784,u_00054,l_00135,2026-04-03 10:00:00,viewed
a_000785,u_00244,l_00142,2026-05-03 16:00:00,declined
a_000786,u_00046,l_00111,2026-02-08 19:00:00,sent
a_000787,u_00215,l_00101,2025-12-08 05:00:00,sent
a_000788,u_00179,l_00088,2026-04-24 21:00:00,sent
a_000789,u_00006,l_00135,2026-03-27 17:00:00,declined
a_000790,u_00193,l_00040,2026-01-11 01:00:00,sent
a_000791,u_00013,l_00147,2026-03-31 15:00:00,viewed
a_000792,u_00014,l_00087,2026-02-28 14:00:00,sent
a_000793,u_00178,l_00082,2026-03-27 04:00:00,viewed
a_000794,u_00217,l_00080,2026-04-03 05:00:00,declined
a_000795,u_00202,l_00127,2026-05-09 03:00:00,viewed
a_000796,u_00120,l_00119,2026-01-15 19:00:00,sent
a_000797,u_00194,l_00076,2026-03-22 20:00:00,viewed
a_000798,u_00128,l_00058,2026-05-08 23:00:00,declined
a_000799,u_00168,l_00019,2026-03-20 12:00:00,viewed
a_000800,u_00046,l_00094,2025-11-19 22:00:00,shortlisted
a_000801,u_00150,l_00006,2026-04-10 14:00:00,sent
a_000802,u_00017,l_00018,2025-12-13 09:00:00,sent
a_000803,u_00101,l_00075,2026-03-19 18:00:00,sent
a_000804,u_00127,l_00057,2025-12-19 03:00:00,viewed
a_000805,u_00223,l_00121,2026-04-05 21:00:00,sent
a_000806,u_00114,l_00037,2026-02-21 21:00:00,sent
a_000807,u_00098,l_00001,2026-02-22 18:00:00,viewed
a_000808,u_00217,l_00003,2026-04-01 00:00:00,declined
a_000809,u_00179,l_00123,2025-11-27 22:00:00,viewed
a_000810,u_00155,l_00123,2025-11-30 21:00:00,shortlisted
a_000811,u_00002,l_00028,2026-03-10 22:00:00,declined
a_000812,u_00235,l_00133,2026-03-18 15:00:00,withdrawn
a_000813,u_00222,l_00115,2026-01-31 15:00:00,declined
a_000814,u_00222,l_00128,2026-01-28 00:00:00,declined
a_000815,u_00155,l_00046,2026-04-29 21:00:00,viewed
a_000816,u_00202,l_00077,2026-04-12 20:00:00,declined
a_000817,u_00184,l_00027,2026-01-12 18:00:00,declined
a_000818,u_00201,l_00099,2026-04-26 21:00:00,viewed
a_000819,u_00080,l_00108,2026-02-07 13:00:00,sent
a_000820,u_00023,l_00021,2026-05-15 01:00:00,viewed
a_000821,u_00237,l_00098,2026-04-19 17:00:00,sent
a_000822,u_00159,l_00048,2025-12-11 07:00:00,viewed
a_000823,u_00171,l_00068,2026-06-01 08:00:00,sent
a_000824,u_00063,l_00020,2026-03-20 22:00:00,shortlisted
a_000825,u_00135,l_99991,2026-01-24 14:00:00,viewed
a_000826,u_00077,l_00045,2025-10-28 14:00:00,sent
a_000827,u_00043,l_00055,2025-12-28 12:00:00,sent
a_000828,u_00087,l_00045,2025-11-21 20:00:00,sent
a_000829,u_00244,l_00039,2026-01-04 03:00:00,viewed
a_000830,u_00019,l_00086,2025-12-12 07:00:00,sent
a_000831,u_00219,l_00023,2025-11-24 05:00:00,viewed
a_000832,u_00160,l_00128,2026-01-23 21:00:00,viewed
a_000833,u_00109,l_00111,2026-02-14 11:00:00,sent
a_000834,u_00060,l_00057,2025-12-29 04:00:00,declined
a_000835,u_00155,l_00062,2026-01-01 00:00:00,sent
a_000836,u_00103,l_00072,2026-02-22 08:00:00,sent
a_000837,u_00156,l_00101,2025-12-13 01:00:00,viewed
a_000838,u_00213,l_00102,2026-01-31 08:00:00,declined
a_000839,u_00091,l_00013,2025-12-18 00:00:00,declined
a_000840,u_00175,l_00019,2026-03-26 06:00:00,withdrawn
a_000841,u_00146,l_00027,2026-02-01 15:00:00,viewed
a_000842,u_00145,l_00027,2026-01-28 23:00:00,viewed
a_000843,u_00184,l_00059,2026-03-28 14:00:00,sent
a_000844,u_00189,l_00055,2026-01-18 10:00:00,sent
a_000845,u_00212,l_00057,2025-11-27 13:00:00,declined
a_000846,u_00099,l_00119,2026-01-08 17:00:00,sent
a_000847,u_00002,l_00103,2026-04-06 14:00:00,sent
a_000848,u_00101,l_00022,2026-05-26 13:00:00,viewed
a_000849,u_00039,l_00112,2026-01-18 13:00:00,sent
a_000850,u_00015,l_00132,2025-12-20 18:00:00,sent
a_000851,u_00074,l_00112,2026-01-10 18:00:00,sent
a_000852,u_00134,l_00129,2026-04-10 05:00:00,declined
a_000853,u_00244,l_00014,2025-12-10 12:00:00,withdrawn
a_000854,u_00036,l_00097,2025-12-14 08:00:00,viewed
a_000855,u_00213,l_00045,2025-11-23 21:00:00,sent
a_000856,u_00036,l_00098,2026-05-02 09:00:00,sent
a_000857,u_00191,l_00089,2026-04-04 10:00:00,sent
a_000858,u_00212,l_00040,2026-01-13 13:00:00,viewed
a_000859,u_00033,l_00024,2026-05-14 17:00:00,sent
a_000860,u_00146,l_00078,2026-04-18 03:00:00,declined
a_000861,u_00064,l_00140,2026-04-30 10:00:00,viewed
a_000862,u_00200,l_00041,2026-03-03 08:00:00,sent
a_000863,u_00039,l_00021,2026-04-12 08:00:00,sent
a_000864,u_00063,l_00117,2026-02-23 13:00:00,declined
a_000865,u_00204,l_00074,2026-04-04 22:00:00,shortlisted
a_000866,u_00120,l_00034,2026-05-02 06:00:00,viewed
a_000867,u_00151,l_00086,2025-12-15 22:00:00,withdrawn
a_000868,u_00197,l_00051,2026-04-16 01:00:00,viewed
a_000869,u_00059,l_00102,2026-02-08 06:00:00,sent
a_000870,u_00021,l_00135,2026-03-30 09:00:00,withdrawn
a_000871,u_00241,l_00075,2026-03-11 10:00:00,viewed
a_000872,u_00128,l_00051,2026-03-15 11:00:00,sent
a_000873,u_00234,l_00050,2025-12-21 10:00:00,viewed
a_000874,u_00155,l_00014,2025-11-30 22:00:00,sent
a_000875,u_00096,l_00086,2025-12-29 08:00:00,sent
a_000876,u_00033,l_00119,2025-12-22 14:00:00,sent
a_000877,u_00217,l_00077,2026-05-03 12:00:00,declined
a_000878,u_00134,l_00119,2025-12-16 07:00:00,shortlisted
a_000879,u_00190,l_00063,2025-12-30 17:00:00,shortlisted
a_000880,u_00208,l_00150,2026-02-02 17:00:00,viewed
a_000881,u_00133,l_00047,2026-05-22 13:00:00,withdrawn
a_000882,u_00006,l_00146,2025-12-30 21:00:00,viewed
a_000883,u_00212,l_00022,2026-04-27 14:00:00,viewed
a_000884,u_00036,l_00097,2026-01-06 11:00:00,withdrawn
a_000885,u_00129,l_00125,2025-12-09 19:00:00,withdrawn
a_000886,u_00098,l_00028,2026-03-15 06:00:00,sent
a_000887,u_00220,l_00026,2026-06-05 11:00:00,withdrawn
a_000888,u_00096,l_00017,2026-01-12 09:00:00,sent
a_000889,u_00021,l_00148,2026-02-15 23:00:00,sent
a_000890,u_00218,l_00091,2026-03-03 22:00:00,sent
a_000891,u_00058,l_00090,2026-01-30 16:00:00,declined
a_000892,u_00016,l_00047,2026-04-28 11:00:00,sent
a_000893,u_00175,l_00050,2025-12-25 15:00:00,declined
a_000894,u_00023,l_00019,2026-04-27 06:00:00,declined
a_000895,u_00101,l_00146,2025-12-18 14:00:00,sent
a_000896,u_00224,l_00120,2026-05-28 12:00:00,declined
a_000897,u_00151,l_00077,2026-04-26 17:00:00,viewed
a_000898,u_00153,l_00106,2026-02-17 14:00:00,sent
a_000899,u_00156,l_00008,2026-01-18 08:00:00,sent
a_000900,u_00169,l_00144,2026-04-17 03:00:00,viewed
a_000901,u_00049,l_00149,2026-03-19 21:00:00,shortlisted
a_000902,u_00142,l_00021,2026-03-26 12:00:00,withdrawn
a_000903,u_99003,l_00126,2025-12-07 12:00:00,sent
a_000904,u_00083,l_00018,2025-12-02 00:00:00,sent
a_000905,u_00072,l_00112,2026-01-27 12:00:00,sent
a_000906,u_00212,l_00054,2026-02-20 17:00:00,sent
a_000907,u_00209,l_00101,2025-12-09 04:00:00,shortlisted
a_000908,u_00104,l_00129,2026-04-30 06:00:00,shortlisted
a_000909,u_00171,l_00094,2025-11-26 03:00:00,sent
a_000910,u_00031,l_00058,2026-05-12 21:00:00,viewed
a_000911,u_00201,l_00012,2026-03-08 01:00:00,shortlisted
a_000912,u_00160,l_00032,2026-04-10 21:00:00,sent
a_000913,u_00131,l_00112,2026-01-06 10:00:00,sent
a_000914,u_00109,l_00120,2026-05-07 09:00:00,viewed
a_000915,u_00139,l_00091,2026-03-13 22:00:00,sent
a_000916,u_00143,l_00120,2026-05-17 09:00:00,declined
a_000917,u_00153,l_00013,2026-01-01 10:00:00,viewed
a_000918,u_00201,l_00061,2026-02-11 18:00:00,shortlisted
a_000919,u_00076,l_00008,2026-02-02 17:00:00,withdrawn
a_000920,u_00053,l_00007,2026-03-14 23:00:00,viewed
a_000921,u_00135,l_00022,2026-05-18 19:00:00,viewed
a_000922,u_00059,l_00022,2026-04-27 09:00:00,sent
a_000923,u_00148,l_00130,2026-05-07 22:00:00,sent
a_000924,u_00217,l_00011,2026-04-22 12:00:00,viewed
a_000925,u_00103,l_00048,2025-12-22 21:00:00,sent
a_000926,u_00074,l_00113,2026-02-01 07:00:00,declined
a_000927,u_00114,l_00057,2025-11-29 03:00:00,viewed
a_000928,u_00038,l_00018,2025-11-28 12:00:00,viewed
a_000929,u_00220,l_00110,2026-06-03 05:00:00,withdrawn
a_000930,u_00080,l_00016,2026-05-13 06:00:00,viewed
a_000931,u_00121,l_00078,2026-04-15 01:00:00,sent
a_000932,u_00156,l_00074,2026-03-14 15:00:00,sent
a_000933,u_00076,l_00071,2026-03-11 00:00:00,withdrawn
a_000934,u_00213,l_00076,2026-03-22 06:00:00,viewed
a_000935,u_00174,l_00136,2026-04-08 02:00:00,sent
a_000936,u_00127,l_00089,2026-03-27 02:00:00,viewed
a_000937,u_00038,l_00069,2026-01-07 22:00:00,viewed
a_000938,u_00043,l_00115,2026-01-30 18:00:00,viewed
a_000939,u_00231,l_00092,2026-03-08 21:00:00,shortlisted
a_000940,u_00215,l_00050,2025-12-08 23:00:00,sent
a_000941,u_00238,l_00123,2025-11-18 11:00:00,viewed
a_000942,u_00169,l_00115,2026-02-13 15:00:00,sent
a_000943,u_00140,l_00056,2026-03-25 09:00:00,shortlisted
a_000944,u_00229,l_00149,2026-03-16 03:00:00,viewed
a_000945,u_00223,l_00063,2026-01-04 17:00:00,viewed
a_000946,u_00090,l_00009,2025-12-23 01:00:00,viewed
a_000947,u_00175,l_00130,2026-04-07 14:00:00,sent
a_000948,u_00130,l_00076,2026-04-13 07:00:00,viewed
a_000949,u_00191,l_00077,2026-04-15 13:00:00,sent
a_000950,u_00050,l_00124,2025-12-27 04:00:00,declined
a_000951,u_00236,l_00056,2026-03-12 22:00:00,sent
a_000952,u_00164,l_00049,2025-12-20 00:00:00,viewed
a_000953,u_00014,l_00005,2026-01-03 22:00:00,withdrawn
a_000954,u_00129,l_00055,2025-12-18 19:00:00,sent
a_000955,u_00138,l_00139,2026-03-21 22:00:00,declined
a_000956,u_00089,l_00060,2025-12-14 13:00:00,sent
a_000957,u_00168,l_00007,2026-04-18 23:00:00,sent
a_000958,u_00240,l_00044,2025-12-16 23:00:00,sent
a_000959,u_00100,l_00095,2025-11-29 20:00:00,declined
a_000960,u_00040,l_00111,2026-02-02 13:00:00,sent
a_000961,u_00177,l_00033,2026-03-04 22:00:00,viewed
a_000962,u_00033,l_00056,2026-02-24 05:00:00,declined
a_000963,u_00135,l_00080,2026-04-12 09:00:00,viewed
a_000964,u_00035,l_00067,2026-05-07 14:00:00,sent
a_000965,u_00104,l_00034,2026-05-10 07:00:00,sent
a_000966,u_00177,l_00119,2026-01-01 11:00:00,sent
a_000967,u_00072,l_00149,2026-03-24 12:00:00,viewed
a_000968,u_00040,l_00038,2026-01-27 03:00:00,declined
a_000969,u_00101,l_00105,2026-04-05 04:00:00,viewed
a_000970,u_00174,l_00042,2026-04-03 07:00:00,declined
a_000971,u_00184,l_00090,2026-01-29 03:00:00,viewed
a_000972,u_00239,l_00130,2026-05-12 15:00:00,shortlisted
a_000973,u_00102,l_00134,2025-12-11 22:00:00,sent
a_000974,u_00188,l_00098,2026-04-18 07:00:00,sent
a_000975,u_00110,l_00118,2026-01-09 18:00:00,viewed
a_000976,u_00114,l_00126,2025-12-04 09:00:00,sent
a_000977,u_00214,l_00031,2025-12-21 19:00:00,shortlisted
a_000978,u_00229,l_99046,2026-02-15 01:00:00,declined
a_000979,u_00073,l_00122,2026-04-08 23:00:00,sent
a_000980,u_00022,l_00115,2026-02-16 20:00:00,sent
a_000981,u_00039,l_00055,2026-01-11 03:00:00,sent
a_000982,u_00106,l_00043,2026-02-12 17:00:00,sent
a_000983,u_00249,l_00111,2026-02-02 02:00:00,sent
a_000984,u_00092,l_00072,2026-02-21 01:00:00,sent
a_000985,u_00235,l_00074,2026-03-22 14:00:00,sent
a_000986,u_00180,l_00056,2026-03-16 02:00:00,sent
a_000987,u_99564,l_00047,2026-04-20 15:00:00,viewed
a_000988,u_00171,l_00126,2025-11-25 10:00:00,withdrawn
a_000989,u_00119,l_00057,2025-11-26 14:00:00,shortlisted
a_000990,u_00172,l_00086,2025-12-27 07:00:00,sent
a_000991,u_00189,l_00069,2026-01-13 21:00:00,withdrawn
a_000992,u_00178,l_00082,2026-04-06 06:00:00,sent
a_000993,u_00135,l_00060,2025-12-05 02:00:00,sent
a_000994,u_00090,l_00096,2026-03-04 01:00:00,withdrawn
a_000995,u_00004,l_00134,2026-01-04 20:00:00,sent
a_000996,u_00043,l_00073,2026-01-07 22:00:00,sent
a_000997,u_00078,l_00116,2026-04-29 22:00:00,withdrawn
a_000998,u_00195,l_00141,2026-05-18 08:00:00,sent
a_000999,u_00116,l_00115,2026-02-10 06:00:00,withdrawn
a_001000,u_00132,l_00082,2026-03-25 00:00:00,sent
a_929570,u_00038,l_00043,2026-01-30 09:00:00,sent
a_942916,u_00119,l_00029,2026-02-27 00:00:00,viewed
a_969241,u_00204,l_00091,2026-03-24 08:00:00,declined
a_981627,u_00084,l_00113,2026-01-30 18:00:00,viewed
a_919056,u_00036,l_00112,2026-01-07 21:00:00,declined
a_920847,u_00143,l_00120,2026-05-17 09:00:00,declined
a_932628,u_00230,l_00055,2025-12-25 15:00:00,declined
a_945166,u_00189,l_00121,2026-04-23 14:00:00,declined
a_976956,u_00201,l_00012,2026-03-08 01:00:00,shortlisted
a_952370,u_00084,l_00026,2026-05-15 16:00:00,sent
a_909441,u_00046,l_00150,2026-01-29 20:00:00,sent
a_907369,u_00142,l_00109,2025-11-30 04:00:00,sent
a_928484,u_00223,l_00020,2026-03-20 12:00:00,viewed
a_980779,u_00109,l_00111,2026-02-14 11:00:00,sent
a_907596,u_00063,l_00005,2026-01-20 20:00:00,declined
